{
  "hash": "2990b3fb",
  "configHash": "f41e8128",
  "lockfileHash": "2c04b80f",
  "browserHash": "eb5a7ad9",
  "optimized": {
    "@angular/common": {
      "src": "../../../../../../node_modules/@angular/common/fesm2022/common.mjs",
      "file": "@angular_common.js",
      "fileHash": "e11bd745",
      "needsInterop": false
    },
    "@angular/common/http": {
      "src": "../../../../../../node_modules/@angular/common/fesm2022/http.mjs",
      "file": "@angular_common_http.js",
      "fileHash": "823575b6",
      "needsInterop": false
    },
    "@angular/core": {
      "src": "../../../../../../node_modules/@angular/core/fesm2022/core.mjs",
      "file": "@angular_core.js",
      "fileHash": "c6474cea",
      "needsInterop": false
    },
    "@angular/forms": {
      "src": "../../../../../../node_modules/@angular/forms/fesm2022/forms.mjs",
      "file": "@angular_forms.js",
      "fileHash": "83876732",
      "needsInterop": false
    },
    "@angular/platform-browser": {
      "src": "../../../../../../node_modules/@angular/platform-browser/fesm2022/platform-browser.mjs",
      "file": "@angular_platform-browser.js",
      "fileHash": "0dea0bee",
      "needsInterop": false
    },
    "@angular/router": {
      "src": "../../../../../../node_modules/@angular/router/fesm2022/router.mjs",
      "file": "@angular_router.js",
      "fileHash": "83bf6bde",
      "needsInterop": false
    },
    "zone.js": {
      "src": "../../../../../../node_modules/zone.js/fesm2015/zone.js",
      "file": "zone__js.js",
      "fileHash": "3a142a00",
      "needsInterop": true
    }
  },
  "chunks": {
    "chunk-YI2H42TP": {
      "file": "chunk-YI2H42TP.js"
    },
    "chunk-AYZQB6Z6": {
      "file": "chunk-AYZQB6Z6.js"
    },
    "chunk-LHW2RUI7": {
      "file": "chunk-LHW2RUI7.js"
    },
    "chunk-4HA3ENSC": {
      "file": "chunk-4HA3ENSC.js"
    },
    "chunk-5JM5X5RB": {
      "file": "chunk-5JM5X5RB.js"
    }
  }
}